{
  "version": 1,
  "author": "Rucha K",
  "editor": "wokwi",
  "parts": [
    { "type": "board-esp32-devkit-c-v4", "id": "esp", "top": 0, "left": 0, "attrs": {} },
    {
      "type": "wokwi-led",
      "id": "led1",
      "top": -3.6,
      "left": -111.4,
      "attrs": { "color": "red" }
    },
    {
      "type": "wokwi-pushbutton",
      "id": "btn1",
      "top": 102.2,
      "left": 163.2,
      "attrs": { "color": "green" }
    },
    {
      "type": "wokwi-resistor",
      "id": "r1",
      "top": 100.8,
      "left": -173.35,
      "rotate": 90,
      "attrs": { "value": "1000" }
    }
  ],
  "connections": [
    [ "esp:TX", "$serialMonitor:RX", "", [] ],
    [ "esp:RX", "$serialMonitor:TX", "", [] ],
    [ "led1:A", "r1:1", "red", [ "v0" ] ],
    [ "led1:C", "esp:GND.1", "black", [ "v0", "h-28.4", "v-38.4", "h105.6", "v67.2" ] ],
    [ "r1:2", "esp:26", "green", [ "h86.4", "v-39.6", "h-9.6" ] ],
    [ "btn1:1.l", "esp:12", "green", [ "h-38.4", "v115.2", "h-172.8", "v-38.4" ] ],
    [ "btn1:2.l", "esp:GND.3", "black", [ "h-9.6", "v48.2" ] ]
  ],
  "dependencies": {}
}