{
  "version": 1,
  "author": "Shashwat Shukla",
  "editor": "wokwi",
  "parts": [
    { "type": "board-esp32-devkit-c-v4", "id": "esp", "top": 0, "left": 0, "attrs": {} },
    {
      "type": "wokwi-buzzer",
      "id": "bz1",
      "top": 2.4,
      "left": -132.6,
      "attrs": { "volume": "0.1" }
    }
  ],
  "connections": [
    [ "esp:TX", "$serialMonitor:RX", "", [] ],
    [ "esp:RX", "$serialMonitor:TX", "", [] ],
    [ "bz1:2", "esp:26", "red", [ "v0" ] ],
    [ "bz1:1", "esp:GND.1", "black", [ "v0" ] ]
  ],
  "dependencies": {}
}